{
  "test_loss": 1.055407166481018,
  "test_accuracy": 0.6393323540687561,
  "confusion_matrix": [
    [
      43,
      14,
      38,
      3,
      0,
      5,
      18,
      7,
      0,
      22,
      42,
      8,
      0,
      0,
      0
    ],
    [
      2,
      176,
      8,
      8,
      0,
      29,
      5,
      1,
      1,
      18,
      13,
      33,
      2,
      0,
      0
    ],
    [
      0,
      0,
      178,
      10,
      0,
      0,
      0,
      10,
      1,
      0,
      0,
      0,
      0,
      0,
      1
    ],
    [
      0,
      0,
      9,
      103,
      0,
      13,
      1,
      66,
      1,
      0,
      4,
      2,
      0,
      0,
      1
    ],
    [
      1,
      6,
      0,
      0,
      0,
      1,
      0,
      0,
      0,
      0,
      5,
      16,
      1,
      0,
      1
    ],
    [
      0,
      0,
      0,
      0,
      0,
      415,
      0,
      5,
      0,
      0,
      2,
      0,
      2,
      0,
      2
    ],
    [
      0,
      0,
      8,
      9,
      0,
      56,
      40,
      49,
      1,
      1,
      19,
      15,
      1,
      0,
      1
    ],
    [
      0,
      0,
      12,
      33,
      0,
      39,
      5,
      262,
      1,
      2,
      20,
      2,
      1,
      0,
      5
    ],
    [
      0,
      0,
      2,
      0,
      0,
      5,
      0,
      9,
      69,
      43,
      58,
      2,
      0,
      0,
      3
    ],
    [
      0,
      0,
      25,
      13,
      0,
      35,
      1,
      29,
      9,
      163,
      32,
      23,
      3,
      0,
      22
    ],
    [
      0,
      0,
      0,
      4,
      0,
      0,
      0,
      10,
      1,
      1,
      282,
      30,
      0,
      0,
      8
    ],
    [
      0,
      0,
      0,
      7,
      0,
      1,
      0,
      5,
      0,
      2,
      60,
      131,
      0,
      0,
      75
    ],
    [
      2,
      1,
      0,
      1,
      0,
      95,
      3,
      7,
      0,
      0,
      86,
      0,
      447,
      0,
      0
    ],
    [
      0,
      0,
      0,
      0,
      0,
      0,
      0,
      0,
      1,
      1,
      33,
      13,
      0,
      24,
      3
    ],
    [
      0,
      0,
      0,
      0,
      0,
      0,
      0,
      7,
      0,
      1,
      0,
      1,
      0,
      0,
      310
    ]
  ],
  "classification_report": "{'Pepper__bell___Bacterial_spot': {'precision': 0.8958333333333334, 'recall': 0.215, 'f1-score': 0.3467741935483871, 'support': 200.0}, 'Pepper__bell___healthy': {'precision': 0.8934010152284264, 'recall': 0.5945945945945946, 'f1-score': 0.7139959432048681, 'support': 296.0}, 'Potato___Early_blight': {'precision': 0.6357142857142857, 'recall': 0.89, 'f1-score': 0.7416666666666667, 'support': 200.0}, 'Potato___Late_blight': {'precision': 0.5392670157068062, 'recall': 0.515, 'f1-score': 0.5268542199488491, 'support': 200.0}, 'Potato___healthy': {'precision': 0.0, 'recall': 0.0, 'f1-score': 0.0, 'support': 31.0}, 'Tomato_Bacterial_spot': {'precision': 0.5979827089337176, 'recall': 0.9741784037558685, 'f1-score': 0.7410714285714286, 'support': 426.0}, 'Tomato_Early_blight': {'precision': 0.547945205479452, 'recall': 0.2, 'f1-score': 0.29304029304029305, 'support': 200.0}, 'Tomato_Late_blight': {'precision': 0.5610278372591007, 'recall': 0.6858638743455497, 'f1-score': 0.6171967020023557, 'support': 382.0}, 'Tomato_Leaf_Mold': {'precision': 0.8117647058823529, 'recall': 0.3612565445026178, 'f1-score': 0.5, 'support': 191.0}, 'Tomato_Septoria_leaf_spot': {'precision': 0.6417322834645669, 'recall': 0.4591549295774648, 'f1-score': 0.535303776683087, 'support': 355.0}, 'Tomato_Spider_mites_Two_spotted_spider_mite': {'precision': 0.4298780487804878, 'recall': 0.8392857142857143, 'f1-score': 0.5685483870967742, 'support': 336.0}, 'Tomato__Target_Spot': {'precision': 0.4746376811594203, 'recall': 0.46619217081850534, 'f1-score': 0.4703770197486535, 'support': 281.0}, 'Tomato__Tomato_YellowLeaf__Curl_Virus': {'precision': 0.9781181619256017, 'recall': 0.6962616822429907, 'f1-score': 0.813466787989081, 'support': 642.0}, 'Tomato__Tomato_mosaic_virus': {'precision': 1.0, 'recall': 0.32, 'f1-score': 0.48484848484848486, 'support': 75.0}, 'Tomato_healthy': {'precision': 0.7175925925925926, 'recall': 0.9717868338557993, 'f1-score': 0.8255659121171771, 'support': 319.0}, 'accuracy': 0.6393323657474601, 'macro avg': {'precision': 0.6483263250306763, 'recall': 0.5459049831986071, 'f1-score': 0.5452473210310738, 'support': 4134.0}, 'weighted avg': {'precision': 0.6893541523066993, 'recall': 0.6393323657474601, 'f1-score': 0.6229272675665696, 'support': 4134.0}}",
  "class_names": [
    "Pepper__bell___Bacterial_spot",
    "Pepper__bell___healthy",
    "Potato___Early_blight",
    "Potato___Late_blight",
    "Potato___healthy",
    "Tomato_Bacterial_spot",
    "Tomato_Early_blight",
    "Tomato_Late_blight",
    "Tomato_Leaf_Mold",
    "Tomato_Septoria_leaf_spot",
    "Tomato_Spider_mites_Two_spotted_spider_mite",
    "Tomato__Target_Spot",
    "Tomato__Tomato_YellowLeaf__Curl_Virus",
    "Tomato__Tomato_mosaic_virus",
    "Tomato_healthy"
  ],
  "total_samples": 4134,
  "timestamp": "2025-07-11 16:46:11"
}