{
  "epochs": [
    1,
    2,
    3
  ],
  "training_accuracy": [
    0.36553603410720825,
    0.5923682451248169,
    0.6776196360588074
  ],
  "validation_accuracy": [
    0.5691747665405273,
    0.646237850189209,
    0.6228762269020081
  ],
  "training_loss": [
    1.9653264284133911,
    1.2532871961593628,
    0.9687430262565613
  ],
  "validation_loss": [
    1.3116657733917236,
    1.0651227235794067,
    1.3677020072937012
  ]
}